PRODUCT_ID,PRODUCT_CODE,Y_Class,CV_Fold,OOF_Prediction,OOF_Probability_0,OOF_Probability_1,OOF_Probability_2
TRAIN_000,A_31,1,2,1,0.15827501948895967,0.6964423019935839,0.14528267851745646
TRAIN_001,A_31,2,4,2,0.06756023423643731,0.07655552739029428,0.8558842383732684
TRAIN_002,A_31,1,3,1,0.062079775203829256,0.6586477206758863,0.2792725041202845
TRAIN_003,A_31,2,3,2,0.08913465211928699,0.09994238132535095,0.8109229665553621
TRAIN_004,A_31,1,0,1,0.052904704823361334,0.8108690095711758,0.13622628560546282
TRAIN_005,A_31,2,1,2,0.0756000851925932,0.09778223126062688,0.82661768354678
TRAIN_006,A_31,1,1,2,0.10146205493693572,0.42719810805375313,0.47133983700931115
TRAIN_007,A_31,2,4,2,0.04964023168883948,0.09316945133243226,0.8571903169787283
TRAIN_008,A_31,1,1,1,0.07699284730473815,0.8101681193898592,0.11283903330540268
TRAIN_009,A_31,2,0,2,0.047224269236485435,0.047910820960276636,0.904864909803238
TRAIN_010,A_31,1,4,1,0.05688822168234138,0.8640041959904222,0.07910758232723633
TRAIN_011,A_31,2,1,2,0.06476811970502985,0.075211353517849,0.8600205267771212
TRAIN_012,A_31,1,2,1,0.08598712723264543,0.8303382497661074,0.08367462300124733
TRAIN_013,A_31,2,3,2,0.09481680931325123,0.07319665615967953,0.8319865345270693
TRAIN_014,A_31,1,0,1,0.08359434209695693,0.791843046847458,0.1245626110555851
TRAIN_015,A_31,2,1,2,0.04643276227133744,0.09034099048733246,0.8632262472413301
TRAIN_016,A_31,1,3,1,0.05684451148330617,0.8378991331041552,0.10525635541253854
TRAIN_017,A_31,2,2,2,0.04984140079010762,0.050398743309875656,0.8997598559000167
TRAIN_018,A_31,1,3,1,0.04724314782990389,0.8147688309488255,0.13798802122127052
TRAIN_019,A_31,2,4,2,0.12177744572570781,0.11378686246271064,0.7644356918115816
TRAIN_020,A_31,1,0,1,0.08842402086298953,0.7035261269584261,0.20804985217858452
TRAIN_021,A_31,2,4,1,0.08001363424108995,0.6982821684006517,0.22170419735825841
TRAIN_022,T_31,0,1,1,0.484656658309108,0.3617647953586248,0.1535785463322672
TRAIN_023,T_31,0,4,1,0.2753897959174193,0.5382275287530704,0.1863826753295103
TRAIN_024,A_31,2,1,2,0.23453230295285693,0.18315656682932907,0.582311130217814
TRAIN_025,T_31,1,4,1,0.24622092423538544,0.588848548001272,0.16493052776334255
TRAIN_026,T_31,1,0,1,0.44341768861567105,0.4293486117735501,0.12723369961077885
TRAIN_027,A_31,2,2,2,0.10909482430643257,0.36678403844721263,0.5241211372463549
TRAIN_028,A_31,0,1,2,0.07676968544435195,0.4473676826114624,0.47586263194418565
TRAIN_029,T_31,1,0,1,0.2817877555803183,0.5474994161800505,0.17071282823963116
TRAIN_030,T_31,1,1,1,0.14639717256821572,0.6897219474901014,0.1638808799416829
TRAIN_031,A_31,2,4,2,0.15896929127270182,0.2525183059915006,0.5885124027357976
TRAIN_032,A_31,2,2,2,0.033367484857792985,0.2712845289046223,0.6953479862375848
TRAIN_033,A_31,1,4,1,0.09949804379104635,0.6870978394546874,0.21340411675426627
TRAIN_034,A_31,0,4,1,0.11028858041589283,0.730530761915765,0.1591806576683421
TRAIN_035,A_31,1,0,2,0.2355849701334684,0.1307987251726406,0.633616304693891
TRAIN_036,T_31,1,0,1,0.35350347915789104,0.47656727688856426,0.16992924395354453
TRAIN_037,T_31,1,1,1,0.3132180711619087,0.5590568686680963,0.12772506016999485
TRAIN_038,A_31,2,1,2,0.036301373265523115,0.1960516554267186,0.7676469713077583
TRAIN_039,A_31,1,4,1,0.09080648848148355,0.6528247470923925,0.256368764426124
TRAIN_040,A_31,1,1,1,0.0601282246121063,0.6347823702285769,0.3050894051593169
TRAIN_041,A_31,1,1,1,0.05442861789246294,0.536836079723992,0.408735302383545
TRAIN_042,T_31,1,1,1,0.2357731726583421,0.5379979655851256,0.2262288617565323
TRAIN_043,T_31,1,3,1,0.22186699128253257,0.5894881069196093,0.18864490179785803
TRAIN_044,T_31,1,4,1,0.16859634389244632,0.5019739501312606,0.32942970597629306
TRAIN_045,T_31,1,0,1,0.23375851418315113,0.6364033497931063,0.12983813602374258
TRAIN_046,T_31,1,1,1,0.4472480524286742,0.44688301128673,0.10586893628459582
TRAIN_047,A_31,1,3,2,0.06173835591025562,0.29865426261017447,0.6396073814795699
TRAIN_048,A_31,1,0,1,0.13490910224239605,0.7375330699481966,0.1275578278094074
TRAIN_049,T_31,1,2,1,0.16269563769551576,0.5971719568334166,0.24013240547106768
TRAIN_050,T_31,1,2,1,0.2562516803668806,0.5631875630987275,0.1805607565343919
TRAIN_051,A_31,2,4,2,0.021989690256489322,0.07018256449083238,0.9078277452526783
TRAIN_052,A_31,2,0,1,0.08511274705534518,0.5990038847744275,0.31588336817022744
TRAIN_053,A_31,2,1,2,0.026728256932420362,0.10313683442415642,0.8701349086434231
TRAIN_054,A_31,2,0,2,0.030053041290025187,0.38682102599758456,0.5831259327123903
TRAIN_055,T_31,1,1,1,0.20170688015223598,0.5052787498103887,0.2930143700373754
TRAIN_056,T_31,2,1,1,0.3609497752640751,0.5267852027868654,0.11226502194905963
TRAIN_057,A_31,2,0,2,0.11865829544213068,0.27262925431806323,0.608712450239806
TRAIN_058,A_31,2,3,1,0.10222600746696946,0.541285849955616,0.35648814257741457
TRAIN_059,A_31,2,1,2,0.06221990093935238,0.302361376116417,0.6354187229442306
TRAIN_060,T_31,1,4,1,0.33411739270707375,0.4574471836804258,0.20843542361250034
TRAIN_061,T_31,1,0,1,0.22000627705632275,0.644199632970475,0.1357940899732024
TRAIN_062,A_31,1,4,2,0.17601713187865492,0.4053771590210886,0.4186057091002565
TRAIN_063,A_31,1,4,1,0.15363810805597772,0.5583621900154787,0.2879997019285436
TRAIN_064,A_31,1,2,2,0.21840997288499275,0.2532048800873829,0.5283851470276243
TRAIN_065,A_31,1,1,1,0.08640231048309181,0.5089702579921389,0.40462743152476943
TRAIN_066,A_31,0,1,2,0.0797713073550394,0.2705663083923964,0.6496623842525642
TRAIN_067,A_31,0,0,1,0.20965617517004967,0.6416610238527257,0.14868280097722458
TRAIN_068,A_31,0,0,1,0.29556909902619005,0.44909002030747275,0.2553408806663372
TRAIN_069,A_31,1,4,1,0.10460978926809593,0.5701320054771875,0.32525820525471666
TRAIN_070,A_31,1,2,1,0.3295182914643249,0.500116524805517,0.17036518373015797
TRAIN_071,A_31,1,1,2,0.08273434449023702,0.36367364430245175,0.5535920112073112
TRAIN_072,A_31,2,4,1,0.3633744742733522,0.558372112492225,0.07825341323442295
TRAIN_073,T_31,1,0,1,0.2447071123331313,0.6427587651952356,0.11253412247163322
TRAIN_074,T_31,1,2,1,0.18483619441390375,0.5356281509326246,0.27953565465347174
TRAIN_075,A_31,1,0,1,0.05711186885795198,0.7680942296821701,0.1747939014598779
TRAIN_076,A_31,1,0,1,0.26875692552380936,0.5929606699326224,0.1382824045435682
TRAIN_077,A_31,1,2,1,0.34047246623339833,0.4181857655126632,0.24134176825393847
TRAIN_078,A_31,0,3,1,0.11957509171297807,0.6582116581029813,0.2222132501840406
TRAIN_079,A_31,2,2,0,0.3918810097162811,0.35767103069384204,0.25044795958987676
TRAIN_080,A_31,2,4,2,0.11952079952225708,0.43541486463861157,0.4450643358391314
TRAIN_081,A_31,2,0,2,0.06880592454195719,0.08829809598531362,0.8428959794727291
TRAIN_082,A_31,2,3,2,0.13311853855831876,0.19974105617593257,0.6671404052657487
TRAIN_083,A_31,1,4,1,0.1532526686161269,0.6000835420897832,0.24666378929408989
TRAIN_084,A_31,1,1,2,0.14362060298728718,0.27005448463517356,0.5863249123775391
TRAIN_085,T_31,0,1,1,0.45854429786412143,0.40670595490880823,0.13474974722707028
TRAIN_086,T_31,0,3,0,0.5773195731268079,0.2671011369983892,0.15557928987480285
TRAIN_087,T_31,0,0,0,0.6210692045563964,0.2721534895451105,0.10677730589849313
TRAIN_088,T_31,0,2,0,0.5307945637852582,0.34129574945096935,0.12790968676377235
TRAIN_089,T_31,0,2,1,0.3813223520488783,0.5416975946362779,0.07698005331484375
TRAIN_090,A_31,1,2,1,0.10591265114107098,0.5566253225419708,0.33746202631695815
TRAIN_091,A_31,1,0,1,0.16859808702728876,0.6061072213698384,0.2252946916028728
TRAIN_092,T_31,1,2,1,0.19378666513268458,0.6680001514307596,0.13821318343655567
TRAIN_093,T_31,1,2,1,0.15043551940388478,0.6228984590401555,0.22666602155595975
TRAIN_094,A_31,2,3,1,0.1495914521729924,0.4369206805826405,0.41348786724436715
TRAIN_095,A_31,2,4,2,0.27456126288264426,0.29171471392468773,0.43372402319266795
TRAIN_096,A_31,1,1,2,0.3393934516155629,0.26916753154248285,0.39143901684195426
TRAIN_097,A_31,1,2,1,0.4202535166788993,0.46488429171067847,0.11486219161042217
TRAIN_098,T_31,1,1,1,0.2039280395249356,0.6591319331834589,0.13694002729160554
TRAIN_099,T_31,1,1,1,0.171320629318658,0.682251398898293,0.14642797178304895
TRAIN_100,T_31,1,2,1,0.37567241569011023,0.48084853142290507,0.1434790528869848
TRAIN_101,A_31,1,3,1,0.17568610184154893,0.4670459816917043,0.3572679164667468
TRAIN_102,A_31,1,1,1,0.1267268902468793,0.656538410634665,0.21673469911845566
TRAIN_103,T_31,1,3,1,0.20046989447982658,0.5456902721941155,0.25383983332605786
TRAIN_104,T_31,1,1,1,0.18234674595256187,0.6447155879355282,0.17293766611190992
TRAIN_105,T_31,0,3,1,0.32064964487398273,0.5052635009607702,0.17408685416524705
TRAIN_106,T_31,1,3,1,0.2965296459987735,0.511655744995922,0.1918146090053044
TRAIN_107,T_31,1,1,1,0.1696346955571655,0.5889361652190624,0.24142913922377213
TRAIN_108,T_31,1,0,1,0.28613499375679824,0.5325642831552414,0.18130072308796036
TRAIN_109,A_31,0,4,0,0.6592368853298385,0.26821355321038043,0.07254956145978121
TRAIN_110,A_31,0,3,0,0.7574729119248627,0.1334605146790956,0.10906657339604184
TRAIN_111,A_31,0,3,0,0.48593409617947403,0.27701916912359015,0.23704673469693577
TRAIN_112,T_31,1,4,1,0.17334694541727041,0.6973204402826213,0.1293326143001084
TRAIN_113,T_31,1,4,1,0.23426293865174086,0.6390038292331788,0.12673323211508034
TRAIN_114,T_31,1,1,1,0.18743306982227115,0.6590150343016858,0.15355189587604307
TRAIN_115,A_31,1,2,1,0.2947364220114528,0.5627903927340707,0.14247318525447655
TRAIN_116,A_31,0,3,0,0.5986086633997612,0.329562344448908,0.071828992151331
TRAIN_117,A_31,1,3,1,0.07258556668018284,0.7973122027187753,0.13010223060104192
TRAIN_118,A_31,0,1,1,0.4110228830307998,0.5116591647713764,0.07731795219782378
TRAIN_119,T_31,1,0,1,0.14550452740853143,0.6639601729472937,0.19053529964417484
TRAIN_120,T_31,1,1,1,0.147381993805411,0.6277064580209655,0.22491154817362355
TRAIN_121,T_31,1,4,1,0.14476149365227636,0.716013849496788,0.1392246568509356
TRAIN_122,T_31,1,1,1,0.10652823171253874,0.7178422495808326,0.17562951870662868
TRAIN_123,A_31,0,4,0,0.5854267695405306,0.3516027729182968,0.06297045754117252
TRAIN_124,A_31,1,0,1,0.14147349136190274,0.5861622343934981,0.2723642742445991
TRAIN_125,T_31,1,1,1,0.15138390741676055,0.6846772383615551,0.16393885422168428
TRAIN_126,T_31,1,0,1,0.3479318225068094,0.4537457599542356,0.19832241753895502
TRAIN_127,T_31,1,0,1,0.3662972277924984,0.46572958969134715,0.16797318251615434
TRAIN_128,T_31,1,3,1,0.21177377531432476,0.579070589255084,0.20915563543059118
TRAIN_129,A_31,1,1,1,0.36579963523789616,0.5023323339881723,0.13186803077393155
TRAIN_130,T_31,0,1,1,0.1753460310388991,0.6348892742205047,0.18976469474059618
TRAIN_131,A_31,0,4,0,0.5720422728459078,0.2955216294196814,0.13243609773441076
TRAIN_132,A_31,0,2,0,0.6051022546585525,0.1942089768393924,0.20068876850205516
TRAIN_133,T_31,1,2,1,0.1632250191792815,0.6831124889742273,0.15366249184649117
TRAIN_134,T_31,1,0,1,0.2553225512453923,0.48276649636739355,0.2619109523872141
TRAIN_135,T_31,1,0,1,0.2339225106082765,0.5724711690469735,0.19360632034475006
TRAIN_136,T_31,1,3,1,0.23828830273377216,0.4860983192345228,0.275613378031705
TRAIN_137,T_31,1,4,1,0.29641887962855684,0.4504926217185449,0.2530884986528983
TRAIN_138,T_31,1,2,1,0.23253601471605173,0.5050088692263683,0.26245511605757993
TRAIN_139,A_31,1,4,1,0.05164075143479347,0.6915890268669184,0.2567702216982881
TRAIN_140,A_31,1,2,1,0.09365076084297755,0.6616070943257335,0.24474214483128887
TRAIN_141,T_31,2,2,1,0.20568788750556782,0.6229545749006153,0.17135753759381683
TRAIN_142,T_31,1,3,1,0.37978741467031885,0.4242555640253276,0.19595702130435347
TRAIN_143,T_31,1,3,1,0.19499003134574128,0.5678154139561669,0.23719455469809186
TRAIN_144,T_31,1,0,2,0.2716367961457358,0.3290088353851318,0.3993543684691323
TRAIN_145,A_31,1,1,2,0.05017064101724099,0.27668770291624256,0.6731416560665164
TRAIN_146,A_31,1,1,2,0.06532364938894944,0.23270664746201655,0.701969703149034
TRAIN_147,A_31,2,4,1,0.0776855082528214,0.6420358808636437,0.28027861088353495
TRAIN_148,A_31,2,3,2,0.06897338132991274,0.34215654294930353,0.5888700757207836
TRAIN_149,T_31,1,4,1,0.12244093331830613,0.6890838332244535,0.18847523345724043
TRAIN_150,T_31,1,1,1,0.1373192504367376,0.5677900995929338,0.29489064997032866
TRAIN_151,T_31,1,1,1,0.13662161618451488,0.6760896350682339,0.18728874874725124
TRAIN_152,T_31,1,4,1,0.1419332165688672,0.7249970102517663,0.1330697731793665
TRAIN_153,T_31,1,2,1,0.1373433148673954,0.6996075649567528,0.16304912017585177
TRAIN_154,T_31,1,1,1,0.09375435611491262,0.695035736890463,0.21120990699462439
TRAIN_155,T_31,1,3,1,0.2134240379197676,0.629171288604426,0.15740467347580636
TRAIN_156,T_31,1,3,1,0.11124018934713292,0.718887590738675,0.16987221991419216
TRAIN_157,T_31,1,2,1,0.11945633003061312,0.7966135013162106,0.08393016865317635
TRAIN_158,T_31,1,3,1,0.11762925616889036,0.6943263856960792,0.18804435813503045
TRAIN_159,A_31,2,2,2,0.05047280379922379,0.20025762793100726,0.749269568269769
TRAIN_160,A_31,2,0,2,0.046522130944533155,0.215934981574868,0.7375428874805988
TRAIN_161,T_31,0,2,1,0.13685470526326993,0.7628687472660809,0.10027654747064918
TRAIN_162,T_31,1,3,1,0.1999412055465173,0.577984233137977,0.22207456131550574
TRAIN_163,T_31,1,3,1,0.1293712514177061,0.6842925988914581,0.18633614969083584
TRAIN_164,T_31,1,3,1,0.17434553413712944,0.6226628477120463,0.20299161815082434
TRAIN_165,T_31,1,2,1,0.12368882756176924,0.7474832406741244,0.12882793176410634
TRAIN_166,T_31,1,2,1,0.13740064878353547,0.7469831418708026,0.11561620934566195
TRAIN_167,T_31,1,1,1,0.14146432884319743,0.7321115532353779,0.12642411792142477
TRAIN_168,T_31,1,4,1,0.16824410204265877,0.7193304387847916,0.11242545917254959
TRAIN_169,T_31,1,4,1,0.09046297915713813,0.705846090274304,0.20369093056855786
TRAIN_170,T_31,1,3,1,0.17319060713832685,0.6766625950605596,0.15014679780111356
TRAIN_171,T_31,1,1,1,0.10989391434993909,0.6833262615274831,0.20677982412257778
TRAIN_172,T_31,1,2,1,0.11527759802186159,0.6904573503707728,0.19426505160736557
TRAIN_173,T_31,1,1,1,0.2194734186312686,0.6248135863116555,0.15571299505707584
TRAIN_174,T_31,1,2,1,0.15721743012855807,0.7024434673745683,0.14033910249687365
TRAIN_175,T_31,1,0,1,0.12297913080364327,0.7222887201751773,0.15473214902117943
TRAIN_176,T_31,1,3,1,0.10858527230143881,0.6846726441767266,0.20674208352183462
TRAIN_177,T_31,1,0,1,0.17971129374804953,0.6865581705955243,0.13373053565642615
TRAIN_178,A_31,2,2,2,0.063324138354786,0.46358243864925563,0.47309342299595836
TRAIN_179,A_31,1,3,1,0.1593998948300144,0.6503581733644144,0.19024193180557125
TRAIN_180,T_31,1,0,1,0.17239004365869084,0.5956583128968825,0.2319516434444267
TRAIN_181,T_31,1,4,1,0.12564497460351187,0.6859643711403134,0.18839065425617482
TRAIN_182,T_31,1,0,1,0.09728485021329727,0.6893289465588732,0.21338620322782964
TRAIN_183,T_31,1,2,1,0.0918529218796266,0.613248823928974,0.2948982541913994
TRAIN_184,T_31,1,2,2,0.15449604576560116,0.4214568915987296,0.42404706263566927
TRAIN_185,T_31,1,3,1,0.21680566980425517,0.5403850568500881,0.24280927334565677
TRAIN_186,T_31,1,4,1,0.11764596415512973,0.6879425458283887,0.19441149001648156
TRAIN_187,A_31,2,2,2,0.116753492470448,0.0727180407628798,0.8105284667666723
TRAIN_188,A_31,2,0,0,0.5297288431575529,0.3523727842371918,0.11789837260525529
TRAIN_189,A_31,2,3,2,0.04701308240501128,0.38129318903809006,0.5716937285568987
TRAIN_190,A_31,1,0,1,0.11457108566946364,0.786018160543488,0.09941075378704824
TRAIN_191,T_31,1,3,1,0.15495126212233734,0.5771673909861679,0.2678813468914949
TRAIN_192,T_31,1,2,1,0.17986942852819887,0.6052100416224112,0.21492052984938986
TRAIN_193,T_31,1,2,1,0.0892023963774347,0.5211909669429333,0.38960663667963186
TRAIN_194,T_31,2,4,1,0.25738139620892864,0.5676154580451391,0.1750031457459322
TRAIN_195,A_31,2,3,2,0.11233254161856038,0.12215402127069024,0.7655134371107493
TRAIN_196,T_31,1,1,2,0.1514486231498946,0.443640497928553,0.4049108789215525
TRAIN_197,T_31,2,1,1,0.17765080126416302,0.5270669789209805,0.29528221981485636
TRAIN_198,A_31,2,1,2,0.15153584779625973,0.09999307973333618,0.748471072470404
TRAIN_199,A_31,1,3,0,0.5214195249199569,0.3648919000449081,0.11368857503513491
TRAIN_200,T_31,1,3,1,0.21372678887170482,0.5866072565506951,0.19966595457760017
TRAIN_201,T_31,1,1,1,0.10700361169200587,0.6744998926330816,0.21849649567491236
TRAIN_202,A_31,0,1,0,0.49378379836666475,0.20604691612388681,0.3001692855094484
TRAIN_203,T_31,1,2,1,0.11359627755090908,0.5440591364909533,0.34234458595813766
TRAIN_204,T_31,1,2,1,0.14838140153024307,0.6561364112491748,0.19548218722058222
TRAIN_205,T_31,1,4,1,0.12640838459423287,0.5542225621878225,0.3193690532179446
TRAIN_206,T_31,1,0,2,0.17074554967640115,0.4511051416503829,0.3781493086732159
TRAIN_207,A_31,2,0,2,0.120278738169177,0.38941642615917893,0.490304835671644
TRAIN_208,A_31,1,2,1,0.33816939617806707,0.4419052405112749,0.2199253633106581
TRAIN_209,T_31,1,2,2,0.12554748356903472,0.42579579572787774,0.44865672070308754
TRAIN_210,T_31,1,1,2,0.12269102356676356,0.3867467299104437,0.4905622465227928
TRAIN_211,A_31,2,4,2,0.02424950516703361,0.08810671662940142,0.8876437782035649
TRAIN_212,A_31,2,2,2,0.05267743003145714,0.12731238673847545,0.8200101832300675
TRAIN_213,A_31,2,3,2,0.04973371083135123,0.18418617691686717,0.7660801122517815
TRAIN_214,T_31,1,1,1,0.2238617744984306,0.5323852682203792,0.24375295728119012
TRAIN_215,T_31,2,4,1,0.1505502188638601,0.5938442818597126,0.2556054992764273
TRAIN_216,T_31,1,4,1,0.2582863512375482,0.5001804843358426,0.24153316442660921
TRAIN_217,T_31,1,1,1,0.17610873664964144,0.5497881825165241,0.27410308083383467
TRAIN_218,A_31,2,1,2,0.04213401261128105,0.1497304108333743,0.8081355765553446
TRAIN_219,A_31,2,0,2,0.04721655818724837,0.3970781511124156,0.5557052907003359
TRAIN_220,A_31,1,1,1,0.18428837061423844,0.7234935368753641,0.09221809251039734
TRAIN_221,A_31,1,2,2,0.08789736125801369,0.26987035370315837,0.6422322850388279
TRAIN_222,A_31,1,1,2,0.048208725581923045,0.3579855708031924,0.5938057036148845
TRAIN_223,A_31,1,0,1,0.06009486536643932,0.7218117155467771,0.21809341908678365
TRAIN_224,A_31,1,2,1,0.09212244074162715,0.6001832666316922,0.3076942926266807
TRAIN_225,T_31,1,0,1,0.11877530971666965,0.6390251854445543,0.242199504838776
TRAIN_226,T_31,1,0,1,0.16012585238583382,0.49973747683788083,0.3401366707762853
TRAIN_227,T_31,1,4,1,0.11673777046648022,0.6723368521104058,0.21092537742311385
TRAIN_228,T_31,1,4,1,0.07351802306334251,0.6303684758572309,0.2961135010794266
TRAIN_229,A_31,1,1,2,0.09044507735254907,0.2322509154266388,0.6773040072208122
TRAIN_230,A_31,1,3,1,0.34232150797796446,0.48259219885265137,0.17508629316938415
TRAIN_231,T_31,2,3,1,0.13847504869099975,0.5819585858614507,0.27956636544754954
TRAIN_232,T_31,1,1,1,0.1337906924949287,0.564055387558805,0.3021539199462664
TRAIN_233,T_31,1,1,2,0.12697619723747358,0.4551585507728909,0.41786525198963553
TRAIN_234,T_31,1,4,1,0.13474762172427307,0.6231930737597731,0.24205930451595387
TRAIN_235,A_31,1,0,1,0.15751186342500278,0.7862919312942025,0.05619620528079476
TRAIN_236,A_31,1,1,2,0.14399702895669197,0.2080315714591029,0.6479713995842051
TRAIN_237,T_31,1,0,1,0.18308017512288025,0.7112983054411863,0.10562151943593336
TRAIN_238,T_31,0,2,1,0.1558994106037745,0.577695198054264,0.2664053913419615
TRAIN_239,A_31,0,4,1,0.10197337573558143,0.6805019245697737,0.21752469969464486
TRAIN_240,A_31,2,3,2,0.1024994421191872,0.209775686591815,0.6877248712889978
TRAIN_241,T_31,0,0,1,0.11961068183028156,0.5347366785138163,0.34565263965590215
TRAIN_242,T_31,1,0,1,0.1746709999395686,0.550371661790289,0.2749573382701424
TRAIN_243,A_31,2,0,2,0.05882354353593617,0.19559769655669249,0.7455787599073713
TRAIN_244,A_31,1,4,1,0.08864209826545852,0.6773377396375448,0.23402016209699666
TRAIN_245,T_31,1,0,1,0.1425454771279024,0.5793105116692424,0.27814401120285515
TRAIN_246,T_31,1,2,1,0.1542434381119152,0.6437717997319485,0.20198476215613623
TRAIN_247,T_31,1,4,1,0.13321393585107244,0.6179725002144074,0.24881356393452025
TRAIN_248,T_31,1,1,1,0.14618501388692962,0.5356297729956377,0.3181852131174326
TRAIN_249,A_31,1,3,0,0.5062437085982527,0.40803697873397793,0.08571931266776937
TRAIN_250,A_31,1,1,0,0.5626118453495443,0.3255440912554052,0.11184406339505044
TRAIN_251,T_31,1,1,1,0.161013673338018,0.4945710396793107,0.3444152869826713
TRAIN_252,T_31,2,3,1,0.09202980907682551,0.6953957726047237,0.21257441831845073
TRAIN_253,T_31,1,1,1,0.3470770941978001,0.4368675744719189,0.2160553313302811
TRAIN_254,T_31,1,0,1,0.1458212897391236,0.6313709301644539,0.22280778009642244
TRAIN_255,A_31,0,2,1,0.2507837723513964,0.5786189208529829,0.17059730679562074
TRAIN_256,A_31,2,0,2,0.1656793434804706,0.09404455132024445,0.740276105199285
TRAIN_257,T_31,1,3,1,0.3002469769571461,0.40525213392744064,0.2945008891154133
TRAIN_258,T_31,1,2,1,0.1537206518962308,0.7089534089696135,0.13732593913415578
TRAIN_259,T_31,1,4,1,0.14917517942318842,0.4885345810513319,0.3622902395254796
TRAIN_260,T_31,1,2,1,0.15496453261323911,0.6062536137670546,0.23878185361970633
TRAIN_261,A_31,2,3,2,0.43099439674506734,0.09852073202636909,0.47048487122856353
TRAIN_262,T_31,2,1,2,0.15793547746744088,0.3642572498338561,0.47780727269870304
TRAIN_263,T_31,1,0,2,0.12823914471994807,0.49733732257929775,0.37442353270075424
TRAIN_264,T_31,1,4,1,0.12362478416838096,0.5475718044340511,0.32880341139756797
TRAIN_265,T_31,1,1,1,0.19245771296479913,0.5346741188179364,0.27286816821726456
TRAIN_266,T_31,1,2,2,0.18248589715989708,0.27004431966963105,0.5474697831704719
TRAIN_267,T_31,1,2,1,0.14250065791096664,0.48365893784788905,0.3738404042411444
TRAIN_268,T_31,1,1,1,0.15552800304801523,0.5248717600652388,0.3196002368867459
TRAIN_269,T_31,1,4,2,0.1135321194252426,0.5036016502907087,0.3828662302840487
TRAIN_270,T_31,1,2,1,0.13681448754515316,0.5844978866934722,0.2786876257613746
TRAIN_271,T_31,1,2,1,0.15340742300158944,0.5088719658367737,0.3377206111616369
TRAIN_272,T_31,1,4,1,0.09760118066906892,0.5301750468098825,0.37222377252104866
TRAIN_273,T_31,1,3,1,0.16891580597547112,0.46873611184656294,0.362348082177966
TRAIN_274,T_31,1,3,2,0.12599738469882438,0.3179299677940857,0.5560726475070898
TRAIN_275,T_31,2,0,1,0.08620138128514533,0.6095460564007158,0.30425256231413894
TRAIN_276,T_31,2,2,1,0.15161827487841056,0.626940776233468,0.22144094888812138
TRAIN_277,T_31,2,3,2,0.10038858498872608,0.4536044909000111,0.4460069241112628
TRAIN_278,T_31,2,1,2,0.1526419601489959,0.4319902086886604,0.41536783116234377
TRAIN_279,T_31,2,3,2,0.11506478269649376,0.47953151368262914,0.4054037036208771
TRAIN_280,T_31,1,4,2,0.19711513658830715,0.3616126840303274,0.4412721793813653
TRAIN_281,A_31,1,0,2,0.07895521527760158,0.3870112794462377,0.5340335052761607
TRAIN_282,T_31,1,3,1,0.2231602510797348,0.5679921346671502,0.20884761425311502
TRAIN_283,A_31,2,4,1,0.0906769817111764,0.6546167975857307,0.25470622070309284
TRAIN_284,T_31,1,3,2,0.15547537375588544,0.46050038346722094,0.3840242427768936
TRAIN_285,T_31,1,3,2,0.1598715214354574,0.4318315951636462,0.40829688340089637
TRAIN_286,A_31,1,3,1,0.15223860024386232,0.605214024428347,0.24254737532779064
TRAIN_287,A_31,1,4,1,0.036485547673112635,0.5540270495665198,0.40948740276036744
TRAIN_288,T_31,1,3,2,0.14184621909685524,0.3776215414956866,0.48053223940745804
TRAIN_289,T_31,2,2,2,0.13506056914511821,0.31955391478011463,0.5453855160747672
TRAIN_290,A_31,1,1,0,0.5626785047917473,0.2629413036470536,0.174380191561199
TRAIN_291,A_31,2,3,2,0.17269778440372943,0.35197721820811945,0.47532499738815104
TRAIN_292,A_31,2,0,2,0.06863863490257523,0.2998857495484778,0.6314756155489468
TRAIN_293,A_31,2,4,1,0.32422577944650977,0.6014793667480747,0.07429485380541542
TRAIN_294,A_31,0,2,1,0.3622235591279378,0.46486198603281,0.1729144548392522
TRAIN_295,A_31,1,0,1,0.09543566337083684,0.6848530980545602,0.219711238574603
TRAIN_296,A_31,0,2,0,0.4737726780370086,0.08031124095295589,0.44591608101003544
TRAIN_297,A_31,1,0,1,0.43958892863243343,0.4704972284722973,0.08991384289526927
TRAIN_298,A_31,0,2,0,0.43899329026346284,0.17628287262570014,0.384723837110837
TRAIN_299,A_31,2,1,1,0.10152541943259419,0.49093259658050503,0.40754198398690067
TRAIN_300,A_31,2,1,1,0.07790207714307211,0.6621870386310296,0.2599108842258983
TRAIN_301,T_31,1,2,1,0.13722117394405325,0.49997574274572176,0.36280308331022504
TRAIN_302,T_31,1,0,1,0.24148624374894595,0.44210220769125447,0.3164115485597996
TRAIN_303,A_31,1,3,1,0.3325489342842458,0.5229128222562738,0.14453824345948033
TRAIN_304,A_31,1,0,1,0.2687700559915175,0.5440122851949601,0.18721765881352245
TRAIN_305,T_31,1,4,1,0.18508908758541304,0.5400863141325828,0.2748245982820041
TRAIN_306,T_31,1,3,1,0.13458188165137663,0.6262751447848849,0.23914297356373854
TRAIN_307,A_31,0,0,2,0.1953208147897331,0.1770543831350221,0.6276248020752448
TRAIN_308,T_31,1,2,1,0.1723869567742954,0.5383581073048738,0.2892549359208309
TRAIN_309,T_31,1,1,1,0.13544118709351305,0.5493210945868022,0.3152377183196847
TRAIN_310,T_31,1,3,1,0.17591075513799007,0.546589975232581,0.27749926962942895
TRAIN_311,A_31,1,0,1,0.09184602165361308,0.8522678415172531,0.055886136829133994
TRAIN_312,A_31,0,0,1,0.1934779392183233,0.42270218672556487,0.38381987405611184
TRAIN_313,T_31,1,2,1,0.33593542398699205,0.43918920216954166,0.22487537384346631
TRAIN_314,A_31,2,2,1,0.20277244016631593,0.6877876931112004,0.10943986672248367
TRAIN_315,A_31,2,3,1,0.4113465868373605,0.48921616150475,0.09943725165788958
TRAIN_316,A_31,2,2,2,0.20345944823947748,0.0666401717749775,0.729900379985545
TRAIN_317,T_31,1,4,1,0.21562709985302458,0.4245381169111918,0.3598347832357836
TRAIN_318,T_31,1,4,2,0.1272352054500565,0.4661103122230956,0.406654482326848
TRAIN_319,T_31,2,2,1,0.10879579802007296,0.5117235729449394,0.37948062903498775
TRAIN_320,A_31,1,1,1,0.27263926667245053,0.5309930730616562,0.1963676602658932
TRAIN_321,A_31,1,3,0,0.5072647600938645,0.4404286387017801,0.05230660120435546
TRAIN_322,A_31,0,4,0,0.4404826086482847,0.40996687686038824,0.14955051449132706
TRAIN_323,A_31,1,0,0,0.6901986956783118,0.18360243486266659,0.12619886945902148
TRAIN_324,T_31,1,4,1,0.23977652588866827,0.4480779621486019,0.31214551196272977
TRAIN_325,T_31,0,0,1,0.23540536449165186,0.507607632665197,0.2569870028431511
TRAIN_326,T_31,2,4,1,0.09351392999666017,0.6940298017576472,0.2124562682456927
TRAIN_327,T_31,1,3,1,0.1282346961875876,0.6366609068014173,0.23510439701099511
TRAIN_328,T_31,1,4,1,0.2602894045399491,0.5751208470697664,0.1645897483902845
TRAIN_329,T_31,1,0,1,0.09137659945495843,0.6018265515325957,0.30679684901244586
TRAIN_330,T_31,2,0,1,0.11879490164219025,0.5591883022845384,0.3220167960732712
TRAIN_331,T_31,2,3,1,0.16569305422331512,0.48080577434460126,0.3535011714320836
TRAIN_332,A_31,1,3,2,0.14359211674307926,0.3968454770455616,0.45956240621135913
TRAIN_333,A_31,0,4,1,0.06752547935252809,0.7930645411112552,0.13940997953621664
TRAIN_334,A_31,1,4,1,0.11174914251996822,0.5442657390362657,0.3439851184437661
TRAIN_335,A_31,1,3,1,0.3861845512583164,0.5097472556708517,0.10406819307083193
TRAIN_336,A_31,1,2,0,0.4776564669854326,0.11517757028331574,0.40716596273125166
TRAIN_337,A_31,1,2,0,0.6786135622619591,0.2797444158135962,0.04164202192444464
TRAIN_338,A_31,1,4,1,0.4418920005120464,0.5090817510530745,0.04902624843487911
TRAIN_339,A_31,1,1,1,0.17672343318100428,0.6622812767910606,0.16099529002793525
TRAIN_340,A_31,1,3,0,0.748808417343363,0.19608413523511745,0.0551074474215195
TRAIN_341,A_31,1,2,1,0.19638459796647686,0.5704881365445389,0.23312726548898427
TRAIN_342,A_31,1,4,0,0.5731440751876703,0.38482959139232553,0.04202633342000405
TRAIN_343,T_31,1,1,1,0.13181920903112732,0.6427794981862217,0.22540129278265092
TRAIN_344,A_31,0,1,1,0.37548772877048797,0.42463197521479673,0.19988029601471535
TRAIN_345,T_31,1,3,1,0.17478529894874156,0.6238795728522023,0.20133512819905613
TRAIN_346,A_31,1,3,0,0.8409599152967779,0.09032945658513257,0.0687106281180894
TRAIN_347,T_31,1,3,0,0.5298704451201341,0.292553883366956,0.17757567151290976
TRAIN_348,T_31,2,3,1,0.31657419865029535,0.45492921373366324,0.22849658761604139
TRAIN_349,T_31,1,2,2,0.15446011093396472,0.42523589839954035,0.420303990666495
TRAIN_350,T_31,0,0,1,0.08425799324698352,0.6966022889161823,0.21913971783683414
TRAIN_351,T_31,1,3,1,0.21688935836493858,0.4872010371143633,0.2959096045206982
TRAIN_352,T_31,1,4,1,0.1773862657143805,0.5901058801159091,0.23250785416971043
TRAIN_353,T_31,1,2,1,0.2295299715895472,0.5477437736992531,0.22272625471119964
TRAIN_354,T_31,1,1,2,0.13556396036116514,0.5049125431461972,0.35952349649263776
TRAIN_355,A_31,2,2,2,0.13647676319967317,0.09775751312101737,0.7657657236793096
TRAIN_356,A_31,2,1,2,0.09699931847175468,0.1544560587967903,0.748544622731455
TRAIN_357,A_31,0,2,0,0.7669807225585248,0.17518904710027136,0.05783023034120376
TRAIN_358,T_31,1,0,2,0.17357238857308369,0.385007349758305,0.44142026166861137
TRAIN_359,T_31,1,1,2,0.14995096375443234,0.4036696742117355,0.44637936203383216
TRAIN_360,A_31,0,1,0,0.6544989951698712,0.2445889143358117,0.10091209049431712
TRAIN_361,A_31,0,2,0,0.8187019826403642,0.12855079985736337,0.05274721750227259
TRAIN_362,A_31,0,0,0,0.8440214478053341,0.09976488810331621,0.05621366409134965
TRAIN_363,A_31,0,0,0,0.8558841004264528,0.07700625467357788,0.0671096448999692
TRAIN_364,T_31,1,4,1,0.32220753296757754,0.4299401739308846,0.24785229310153792
TRAIN_365,T_31,1,1,1,0.23784569187652455,0.5444846313495463,0.21766967677392912
TRAIN_366,A_31,1,4,0,0.7339008688746274,0.18778993247936338,0.07830919864600938
TRAIN_367,A_31,0,1,1,0.3593466449446484,0.5357112231618824,0.10494213189346918
TRAIN_368,A_31,1,1,0,0.664289848434874,0.1780401903308304,0.15766996123429552
TRAIN_369,A_31,2,4,2,0.20510423136719463,0.1485170911145412,0.6463786775182642
TRAIN_370,A_31,0,1,0,0.5224131670866563,0.3608598796783378,0.11672695323500579
TRAIN_371,T_31,1,2,1,0.12021141091609802,0.6552712895593223,0.22451729952457966
TRAIN_372,T_31,1,2,1,0.21919263379322923,0.5816989517300175,0.19910841447675315
TRAIN_373,T_31,1,2,1,0.15416625412855503,0.4903659066644655,0.35546783920697944
TRAIN_374,T_31,1,4,1,0.2377774855429025,0.5297616539483376,0.23246086050875975
TRAIN_375,A_31,0,2,0,0.7546434187301401,0.20398311429776117,0.04137346697209884
TRAIN_376,T_31,1,3,1,0.20940125530094425,0.580695685570995,0.2099030591280607
TRAIN_377,T_31,2,4,1,0.12905931928725226,0.6012945233366646,0.26964615737608316
TRAIN_378,T_31,0,0,2,0.1478377014365876,0.4484560383725679,0.40370626019084455
TRAIN_379,T_31,1,1,1,0.2738391482040712,0.5716234829827406,0.15453736881318825
TRAIN_380,T_31,1,3,1,0.25668714167878504,0.5497805448766776,0.19353231344453742
TRAIN_381,T_31,1,1,1,0.22617881810826118,0.6301835649912075,0.14363761690053137
TRAIN_382,T_31,1,3,1,0.25719715586936254,0.5454543987901737,0.19734844534046386
TRAIN_383,T_31,1,2,1,0.111426343377808,0.5495210563951172,0.33905260022707495
TRAIN_384,A_31,0,2,0,0.7324837245450391,0.15903018799580076,0.10848608745916016
TRAIN_385,A_31,0,3,0,0.7714913000572776,0.13461009399761656,0.09389860594510573
TRAIN_386,T_31,1,0,1,0.1904343088085294,0.584001713926071,0.2255639772653995
TRAIN_387,T_31,1,0,2,0.0973999156418675,0.5105794432725985,0.392020641085534
TRAIN_388,T_31,1,0,2,0.14843777741693426,0.49094868334239267,0.3606135392406731
TRAIN_389,T_31,1,2,1,0.2658823242093946,0.4716911297306823,0.2624265460599231
TRAIN_390,A_31,1,2,1,0.16054199116263063,0.6230233174546647,0.2164346913827047
TRAIN_391,A_31,1,2,1,0.2078846755930545,0.4523292121967952,0.3397861122101502
TRAIN_392,T_31,1,2,1,0.1659694086219264,0.6323805201638015,0.201650071214272
TRAIN_393,T_31,1,4,1,0.2642404198668834,0.5414477096491254,0.1943118704839913
TRAIN_394,T_31,1,2,1,0.15157078970832533,0.6137612009855058,0.23466800930616896
TRAIN_395,T_31,1,3,1,0.18219228232297904,0.6173453595920637,0.20046235808495722
TRAIN_396,T_31,1,0,1,0.11876069218678553,0.5832278262045143,0.29801148160870006
TRAIN_397,T_31,1,1,1,0.1502723970658041,0.6434926600970736,0.20623494283712235
TRAIN_398,T_31,1,3,1,0.1525577070059535,0.6444029735522847,0.2030393194417617
TRAIN_399,T_31,1,3,1,0.15934889388619178,0.54587552998699,0.29477557612681826
TRAIN_400,T_31,1,4,1,0.17098490764626906,0.6181499079633772,0.2108651843903538
TRAIN_401,T_31,1,0,2,0.169544160789348,0.37897064515404677,0.4514851940566052
TRAIN_402,T_31,1,1,1,0.21651364487837238,0.5339734702875077,0.24951288483411993
TRAIN_403,T_31,1,3,1,0.17313256007823075,0.7007793502772576,0.1260880896445118
TRAIN_404,A_31,0,1,0,0.6839981588493005,0.25654876908145624,0.059453072069243246
TRAIN_405,A_31,1,4,1,0.050544347890632516,0.757173750822011,0.19228190128735648
TRAIN_406,T_31,1,2,1,0.34090732821475145,0.49140032617108453,0.167692345614164
TRAIN_407,T_31,1,0,1,0.19173157807262864,0.4913264277179369,0.3169419942094345
TRAIN_408,T_31,1,1,1,0.1851444389115215,0.6175243647013045,0.19733119638717417
TRAIN_409,T_31,1,2,1,0.1986506551389483,0.5337652723572619,0.26758407250378985
TRAIN_410,A_31,0,4,0,0.5177893712289146,0.36620822099328737,0.11600240777779816
TRAIN_411,A_31,1,2,1,0.1325556135582091,0.6128292287679126,0.25461515767387843
TRAIN_412,T_31,1,3,1,0.28293061232297934,0.5082810195551276,0.208788368121893
TRAIN_413,T_31,1,0,1,0.227920306577775,0.5087782138418042,0.2633014795804207
TRAIN_414,T_31,2,0,2,0.21558042804690453,0.4243892542290984,0.36003031772399713
TRAIN_415,T_31,1,4,1,0.11213338553049365,0.6373089218581547,0.2505576926113516
TRAIN_416,T_31,1,4,1,0.20423788637522625,0.4665296965512059,0.3292324170735679
TRAIN_417,T_31,0,2,1,0.18593443615019775,0.5682320994415715,0.24583346440823078
TRAIN_418,A_31,1,3,2,0.18261838714585427,0.403333746986415,0.4140478658677307
TRAIN_419,A_31,2,1,1,0.0392084113317489,0.8562435460675726,0.10454804260067835
TRAIN_420,T_31,1,1,1,0.2510858227460028,0.5288835426852703,0.22003063456872696
TRAIN_421,T_31,1,3,1,0.2078392158980149,0.5181470262590885,0.27401375784289667
TRAIN_422,T_31,1,4,1,0.19403244923913673,0.6182598134989152,0.18770773726194806
TRAIN_423,T_31,1,1,1,0.24019399420897708,0.4686075565450579,0.291198449245965
TRAIN_424,A_31,1,1,1,0.19037915679315204,0.6720892746660012,0.1375315685408467
TRAIN_425,A_31,1,4,1,0.06423861821483326,0.6236016210748931,0.3121597607102736
TRAIN_426,T_31,1,2,1,0.2277650170769253,0.47649481664474336,0.29574016627833133
TRAIN_427,T_31,1,1,1,0.18902035490097235,0.6306558395861257,0.180323805512902
TRAIN_428,T_31,1,0,1,0.19021860336839108,0.5111698688165953,0.29861152781501354
TRAIN_429,T_31,1,1,1,0.2199793586280388,0.4802718023917163,0.29974883898024485
TRAIN_430,T_31,1,2,1,0.12036833992362483,0.6369237534121275,0.24270790666424763
TRAIN_431,T_31,1,4,1,0.18392927963605948,0.5898780884872283,0.22619263187671212
TRAIN_432,A_31,1,2,2,0.35568063837757213,0.07587163298567699,0.5684477286367509
TRAIN_433,A_31,1,2,0,0.8343547189881628,0.1091846811039018,0.056460599907935304
TRAIN_434,T_31,2,1,1,0.23097353490501374,0.5675739936030372,0.2014524714919491
TRAIN_435,T_31,2,4,2,0.33265275618963797,0.2733154100161086,0.3940318337942535
TRAIN_436,A_31,1,4,1,0.307401167620577,0.6543707325922397,0.03822809978718336
TRAIN_437,A_31,1,1,1,0.07481635873259782,0.6614741031577783,0.2637095381096239
TRAIN_438,T_31,1,3,1,0.23011582702879965,0.6056509823898861,0.16423319058131428
TRAIN_439,T_31,1,4,1,0.28837390587687906,0.5117149510389811,0.19991114308413982
TRAIN_440,T_31,1,0,1,0.20569442777497216,0.6208917895638162,0.1734137826612117
TRAIN_441,T_31,1,1,1,0.22077163336850233,0.5975309383502136,0.18169742828128393
TRAIN_442,T_31,1,3,1,0.2703271940463011,0.5000310964664096,0.2296417094872893
TRAIN_443,T_31,1,4,1,0.20348046496891514,0.6809529992457044,0.11556653578538048
TRAIN_444,A_31,1,1,0,0.5150801990702403,0.23724107690097146,0.24767872402878816
TRAIN_445,T_31,1,0,1,0.23252272837804877,0.5555930699656577,0.21188420165629357
TRAIN_446,T_31,1,4,1,0.3185358099884193,0.44556599864705604,0.23589819136452467
TRAIN_447,T_31,1,0,1,0.24219593842548937,0.5882231440503523,0.16958091752415844
TRAIN_448,T_31,1,2,1,0.21004964926730998,0.5438330710850632,0.2461172796476268
TRAIN_449,A_31,1,4,1,0.41654116821556375,0.46977503324086284,0.11368379854357355
TRAIN_450,A_31,1,0,2,0.11363155717457549,0.37831937359248446,0.50804906923294
TRAIN_451,T_31,1,0,1,0.10809201930795215,0.706002794126309,0.18590518656573884
TRAIN_452,T_31,1,3,1,0.11218278019172642,0.7099918701014682,0.1778253497068053
TRAIN_453,A_31,0,4,0,0.6330593854408083,0.2673868180158608,0.09955379654333088
TRAIN_454,A_31,1,2,2,0.4001148198338591,0.08055705936515975,0.5193281208009811
TRAIN_455,A_31,1,0,1,0.2675598276881032,0.5406071079599136,0.19183306435198316
TRAIN_456,A_31,1,0,1,0.24567221219869295,0.5582350515498222,0.196092736251485
TRAIN_457,T_31,1,2,1,0.32960819480319103,0.5251525979469718,0.14523920724983716
TRAIN_458,T_31,1,3,1,0.15718947750982096,0.5769984016533785,0.26581212083680045
TRAIN_459,T_31,1,4,1,0.3716382958888838,0.3594854615875228,0.26887624252359343
TRAIN_460,T_31,1,2,1,0.1603945132275454,0.6280087726246808,0.2115967141477738
TRAIN_461,T_31,1,1,1,0.12941736569310455,0.6713741146668546,0.19920851964004085
TRAIN_462,T_31,1,3,1,0.24850603379936426,0.5827525767335799,0.16874138946705586
TRAIN_463,T_31,1,2,1,0.29990389602559697,0.5596096602468729,0.1404864437275301
TRAIN_464,T_31,0,4,1,0.2120675109198866,0.5398642494487585,0.24806823963135485
TRAIN_465,T_31,1,2,1,0.2756768156974779,0.5038374504989644,0.2204857338035577
TRAIN_466,T_31,1,1,1,0.3455994619496363,0.4837843129079361,0.17061622514242752
TRAIN_467,T_31,1,0,1,0.3005200784432005,0.5622289932196128,0.13725092833718663
TRAIN_468,T_31,1,1,1,0.33658243127706616,0.5150837016042935,0.14833386711864033
TRAIN_469,T_31,1,4,1,0.16309059837339088,0.7015751683568601,0.135334233269749
TRAIN_470,T_31,1,1,1,0.27988390342485797,0.45544953482258643,0.26466656175255554
TRAIN_471,A_31,2,3,1,0.08040224756799905,0.6728750699622792,0.24672268246972162
TRAIN_472,A_31,2,3,2,0.09518573984931594,0.40521986916558034,0.4995943909851037
TRAIN_473,T_31,0,0,1,0.14375374876644215,0.7040965713111654,0.15214967992239253
TRAIN_474,T_31,1,0,1,0.20182882025899648,0.5602209733664146,0.23795020637458883
TRAIN_475,T_31,1,4,1,0.20711246189129562,0.6307259303530135,0.16216160775569088
TRAIN_476,T_31,1,2,1,0.27050166050058044,0.4565562394033671,0.27294210009605246
TRAIN_477,A_31,0,0,0,0.5726405036488392,0.24109865361762187,0.18626084273353893
TRAIN_478,A_31,0,4,0,0.48774942253782055,0.44686911346833313,0.06538146399384635
TRAIN_479,A_31,1,0,1,0.05229422965658616,0.5413503549919672,0.4063554153514467
TRAIN_480,A_31,1,4,1,0.3769298951309412,0.5816563289583332,0.041413775910725516
TRAIN_481,T_31,2,0,1,0.17025013730881816,0.6016658335731198,0.22808402911806214
TRAIN_482,T_31,1,0,1,0.2407653549752832,0.5617156105248854,0.19751903449983144
TRAIN_483,T_31,1,2,1,0.21615655481884927,0.5780423857105903,0.20580105947056054
TRAIN_484,T_31,1,4,1,0.23036178648477726,0.4562251064188666,0.31341310709635617
TRAIN_485,T_31,1,3,1,0.29695187140113943,0.5311418233848677,0.1719063052139929
TRAIN_486,T_31,1,2,1,0.226261186300323,0.5987049818002543,0.17503383189942254
TRAIN_487,T_31,1,0,1,0.1582876312276709,0.5617994372243202,0.2799129315480087
TRAIN_488,T_31,1,4,1,0.25421871003309193,0.5029785430314425,0.2428027469354655
TRAIN_489,T_31,1,1,1,0.43448963921892686,0.35095174943852403,0.21455861134254917
TRAIN_490,A_31,0,0,0,0.47821721616397506,0.42246085305745706,0.09932193077856791
TRAIN_491,A_31,0,4,0,0.49459053452411156,0.4568228903328222,0.04858657514306628
TRAIN_492,T_31,1,1,1,0.24778675630396202,0.5586390455645072,0.19357419813153082
TRAIN_493,T_31,1,4,1,0.1476718269710701,0.5404039054630178,0.3119242675659122
TRAIN_494,T_31,1,3,0,0.46363903144485247,0.3655007532543964,0.17086021530075118
TRAIN_495,T_31,1,3,1,0.41929742382991736,0.396488330899211,0.18421424527087166
TRAIN_496,T_31,2,3,1,0.18735792200139575,0.5405547603324705,0.2720873176661338
TRAIN_497,T_31,2,2,1,0.23191911373796426,0.512981389805015,0.2550994964570208
TRAIN_498,T_31,1,0,1,0.21705427513064307,0.555997344034755,0.22694838083460195
TRAIN_499,T_31,0,4,1,0.12755276567237395,0.5430445197491878,0.3294027145784384
TRAIN_500,A_31,1,3,1,0.2841144355892602,0.6026198500821389,0.11326571432860101
TRAIN_501,A_31,1,4,1,0.060403076637991486,0.5235396396301667,0.4160572837318418
TRAIN_502,T_31,1,4,2,0.10366455394888896,0.42503044179010185,0.4713050042610092
TRAIN_503,T_31,1,3,1,0.17873578923815012,0.5575044757470926,0.2637597350147572
TRAIN_504,T_31,1,4,2,0.15581646689660694,0.2996002230282121,0.5445833100751809
TRAIN_505,T_31,1,3,1,0.28045436214089375,0.5168177036634343,0.20272793419567203
TRAIN_506,T_31,2,1,1,0.18049843558227352,0.6274291278612114,0.19207243655651507
TRAIN_507,T_31,1,0,1,0.24960694195653735,0.5441777246495709,0.2062153333938917
TRAIN_508,T_31,1,0,1,0.2579504363013466,0.6023186896041706,0.13973087409448276
TRAIN_509,T_31,0,4,1,0.15022247073003375,0.5507166643083066,0.29906086496165957
TRAIN_510,T_31,1,1,1,0.14184211241675848,0.533769064710093,0.3243888228731484
TRAIN_511,T_31,1,4,1,0.2660550229165386,0.45090643556124166,0.28303854152221974
TRAIN_512,T_31,2,4,1,0.264639035041973,0.5769357743353134,0.15842519062271354
TRAIN_513,T_31,1,3,2,0.17241601017692154,0.31957628139279165,0.5080077084302868
TRAIN_514,T_31,1,4,1,0.17377154768480732,0.46096993295402555,0.3652585193611671
TRAIN_515,T_31,1,3,1,0.20267787940758597,0.5439818779780533,0.2533402426143607
TRAIN_516,T_31,2,2,1,0.1536135139588357,0.5878868708641615,0.2584996151770028
TRAIN_517,T_31,1,2,1,0.2057399736562412,0.5447545269000058,0.249505499443753
TRAIN_518,T_31,1,0,1,0.15967676434961842,0.5909208642043602,0.2494023714460214
TRAIN_519,T_31,1,3,1,0.17614972373273408,0.6732448910464772,0.1506053852207887
TRAIN_520,T_31,1,3,1,0.24944461349400002,0.5783903194475506,0.17216506705844936
TRAIN_521,A_31,1,3,1,0.2177648332616117,0.6947969691746729,0.08743819756371529
TRAIN_522,T_31,1,1,1,0.21266633473849858,0.4999064305544789,0.28742723470702247
TRAIN_523,A_31,1,3,1,0.11793047253554637,0.6293031747684049,0.2527663526960488
TRAIN_524,T_31,1,0,1,0.18354853590646117,0.6220228114360988,0.19442865265743994
TRAIN_525,T_31,1,0,1,0.23476520827921682,0.5159726580711734,0.2492621336496097
TRAIN_526,T_31,1,0,1,0.2018877996651654,0.5898253270297482,0.2082868733050865
TRAIN_527,T_31,1,1,1,0.16316535797595255,0.5950078500117502,0.24182679201229734
TRAIN_528,T_31,1,3,1,0.3893300059594698,0.41708210805762214,0.193587885982908
TRAIN_529,T_31,1,0,1,0.2788883481753191,0.526215703867843,0.19489594795683796
TRAIN_530,A_31,1,3,1,0.2931846926353243,0.6054041196332254,0.10141118773145044
TRAIN_531,A_31,2,2,2,0.06438009316032998,0.35510528156366,0.58051462527601
TRAIN_532,T_31,1,4,2,0.1810849211126916,0.4378387374896714,0.381076341397637
TRAIN_533,T_31,1,1,1,0.19251821121804877,0.5155527624680265,0.2919290263139247
TRAIN_534,T_31,1,0,1,0.2721274152804009,0.5677640745620597,0.1601085101575394
TRAIN_535,T_31,0,3,1,0.2164962345062532,0.5395940029948827,0.2439097624988641
TRAIN_536,T_31,1,4,1,0.3002454645725924,0.49340541841977337,0.2063491170076342
TRAIN_537,T_31,1,4,1,0.22912773851020618,0.5710650107800463,0.19980725070974742
TRAIN_538,T_31,1,0,1,0.3977772530147127,0.4238422361804044,0.17838051080488304
TRAIN_539,T_31,1,1,1,0.2358468341090755,0.5694232469401108,0.1947299189508137
TRAIN_540,A_31,0,3,0,0.8552427857569957,0.0808182748416742,0.06393893940133014
TRAIN_541,A_31,0,3,0,0.8088135615041154,0.0790386032240988,0.11214783527178575
TRAIN_542,A_31,0,2,0,0.7883939467504961,0.078094283846942,0.13351176940256188
TRAIN_543,A_31,0,1,0,0.578053551920438,0.1251555439405436,0.2967909041390184
TRAIN_544,A_31,0,1,0,0.7332480905306435,0.09608009670057496,0.17067181276878152
TRAIN_545,A_31,0,3,0,0.8028960120132705,0.08935172275899944,0.10775226522772999
TRAIN_546,A_31,0,3,0,0.7338731067567805,0.13718399355904282,0.12894289968417674
TRAIN_547,T_31,0,4,0,0.5628601728106583,0.2877353006459722,0.14940452654336944
TRAIN_548,T_31,0,3,1,0.3437766125689439,0.3830931059791788,0.27313028145187734
TRAIN_549,A_31,1,4,2,0.17263379537009418,0.4005906578013265,0.4267755468285793
TRAIN_550,A_31,1,0,2,0.3052515354379539,0.3417028770529292,0.35304558750911685
TRAIN_551,A_31,1,2,2,0.23619180720805505,0.13659837000943345,0.6272098227825116
TRAIN_552,A_31,1,2,2,0.3157644408566708,0.27692434634268137,0.40731121280064775
TRAIN_553,A_31,0,2,1,0.25510449460665996,0.618629378439952,0.12626612695338793
TRAIN_554,A_31,1,4,0,0.45910203526870663,0.45700747491002686,0.08389048982126662
TRAIN_555,A_31,0,3,2,0.1294812837380433,0.3537590786094654,0.5167596376524912
TRAIN_556,A_31,2,2,2,0.31709083456797993,0.28036444468588717,0.4025447207461329
TRAIN_557,A_31,2,0,2,0.22211953604701504,0.2575266663067862,0.5203537976461987
TRAIN_558,T_31,1,2,1,0.39534891728530686,0.3306068079550164,0.27404427475967674
TRAIN_559,T_31,0,1,1,0.4542434624587548,0.3786246375606963,0.1671318999805488
TRAIN_560,T_31,1,0,0,0.4661755467360995,0.32533866442654524,0.20848578883735508
TRAIN_561,T_31,0,1,2,0.150025493504934,0.4327208664494077,0.41725364004565835
TRAIN_562,A_31,2,0,2,0.17100838649299618,0.21607893586472243,0.6129126776422813
TRAIN_563,A_31,2,1,1,0.20081630356812696,0.49052169091982534,0.3086620055120477
TRAIN_564,A_31,2,2,0,0.3865399130248841,0.2389713754224933,0.37448871155262253
TRAIN_565,T_31,1,2,1,0.3927871486769149,0.3488138882844635,0.25839896303862153
TRAIN_566,T_31,0,2,1,0.29528818406399,0.4000436739599021,0.3046681419761078
TRAIN_567,T_31,0,3,2,0.23730676665178047,0.3169433032808273,0.4457499300673922
TRAIN_568,T_31,0,1,2,0.31549918057618576,0.258973230782307,0.4255275886415073
TRAIN_569,O_31,1,2,1,0.3927938444739527,0.34650009850000285,0.2607060570260443
TRAIN_570,O_31,2,0,1,0.4288728069038312,0.3390048326051345,0.2321223604910344
TRAIN_571,O_31,1,4,2,0.312006389862137,0.2780362032344198,0.4099574069034432
TRAIN_572,O_31,2,0,0,0.4782881842937886,0.3732283605445071,0.14848345516170436
TRAIN_573,A_31,1,0,1,0.22630017175921469,0.5654962840884707,0.2082035441523145
TRAIN_574,A_31,1,3,1,0.16879024885946686,0.5989942168857592,0.232215534254774
TRAIN_575,A_31,1,2,0,0.5346489047472813,0.3619678442146827,0.10338325103803592
TRAIN_576,A_31,1,4,1,0.11781932071078066,0.5465143880415122,0.335666291247707
TRAIN_577,T_31,1,0,1,0.2557362248971898,0.42058343647635454,0.32368033862645573
TRAIN_578,T_31,2,2,0,0.5209170270546442,0.3096497258090788,0.16943324713627708
TRAIN_579,A_31,0,0,0,0.4076040014225045,0.32718357226917244,0.2652124263083231
TRAIN_580,A_31,0,2,0,0.545008386812659,0.14108311886176025,0.3139084943255809
TRAIN_581,A_31,0,0,0,0.7495337393785263,0.1483226072707106,0.10214365335076309
TRAIN_582,A_31,0,0,0,0.4419292835744164,0.3606601386750441,0.1974105777505395
TRAIN_583,A_31,0,3,0,0.7370364937911689,0.1379192544171149,0.12504425179171624
TRAIN_584,A_31,0,0,0,0.6751418682891419,0.2534681714821865,0.07138996022867174
TRAIN_585,A_31,0,3,1,0.3002542229006191,0.4253196961033296,0.27442608099605137
TRAIN_586,T_31,1,0,1,0.25081273034351376,0.44648141879845094,0.30270585085803536
TRAIN_587,T_31,1,3,1,0.1751779187940187,0.4771352159376301,0.3476868652683512
TRAIN_588,T_31,1,3,1,0.2033879597778334,0.4919623967451745,0.3046496434769921
TRAIN_589,T_31,1,4,1,0.25645182507983727,0.4628346798060854,0.2807134951140774
TRAIN_590,T_31,1,3,1,0.27412565175004827,0.4617906164811608,0.2640837317687909
TRAIN_591,T_31,1,2,1,0.1901721012031253,0.5532128229583044,0.25661507583857024
TRAIN_592,T_31,1,1,1,0.16942773324823818,0.5612069592038904,0.26936530754787136
TRAIN_593,T_31,1,0,1,0.33351203773123794,0.4867628351795429,0.1797251270892192
TRAIN_594,A_31,0,1,0,0.5461275008250746,0.14643502823379814,0.30743747094112733
TRAIN_595,A_31,0,4,0,0.7188434624555343,0.07511624887091789,0.2060402886735478
TRAIN_596,O_31,1,4,2,0.23571149288629414,0.3219862748500867,0.44230223226361914
TRAIN_597,O_31,1,4,1,0.3220392887227769,0.4198040224221594,0.2581566888550637
